{"cameraMode":{"drawMode":31,"name":"Sprite Mask","section":"Miscellaneous"},"sceneLighting":true,"audioPlay":false,"sceneViewState":{"m_AlwaysRefresh":false,"showFog":true,"showSkybox":true,"showFlares":true,"showImageEffects":true,"showParticleSystems":true,"showVisualEffectGraphs":true,"m_FxEnabled":true},"in2DMode":false,"pivot":{"x":3.7675578594207765,"y":-23.656356811523439,"z":-22.481063842773439},"rotation":{"x":0.7392456531524658,"y":-0.002358757657930255,"z":0.0025878422893583776,"w":0.6734299659729004},"size":79.14433288574219,"orthographic":false}