{"cameraMode":{"drawMode":31,"name":"Sprite Mask","section":"Miscellaneous"},"sceneLighting":true,"audioPlay":false,"sceneViewState":{"m_AlwaysRefresh":false,"showFog":true,"showSkybox":true,"showFlares":true,"showImageEffects":true,"showParticleSystems":true,"showVisualEffectGraphs":true,"m_FxEnabled":true},"in2DMode":false,"pivot":{"x":-126.74452209472656,"y":-157.51446533203126,"z":287.2381896972656},"rotation":{"x":0.20934909582138062,"y":-0.21695105731487275,"z":0.04769429564476013,"w":0.9522780179977417},"size":231.50242614746095,"orthographic":false}